run_id,scenario,red_type,blue_type,seed,step,entity_id,entity_type,pos_true_x,pos_true_y,pos_rep_x,pos_rep_y,gps_err,gps_err_corr,snr,link_up,red_owned,reward_step_mean,atk_jam,atk_gps,atk_exploit,det_jam,det_gps,isolated
gallery_red_05_SeizeControl,gallery,forced:SeizeControl,passive,0,0,0,uav,35.48,20.79,35.48,20.79,0.0,0.0,17.75,1,0,-1.0,0,0,0,0,0,0
gallery_red_05_SeizeControl,gallery,forced:SeizeControl,passive,0,0,1,uav,11.64,10.66,11.64,10.66,0.0,0.0,22.04,1,0,-1.0,0,0,0,0,0,0
gallery_red_05_SeizeControl,gallery,forced:SeizeControl,passive,0,0,2,uav,42.53,46.51,42.53,46.51,0.0,0.0,19.9,1,0,-1.0,0,0,0,0,0,0
gallery_red_05_SeizeControl,gallery,forced:SeizeControl,passive,0,0,3,uav,34.27,39.18,34.27,39.18,0.0,0.0,19.19,1,0,-1.0,0,0,0,0,0,0
gallery_red_05_SeizeControl,gallery,forced:SeizeControl,passive,0,0,4,uav,31.74,47.4,31.74,47.4,0.0,0.0,21.12,1,1,-1.0,0,0,1,0,0,0
gallery_red_05_SeizeControl,gallery,forced:SeizeControl,passive,0,0,5,uav,42.63,10.11,42.63,10.11,0.0,0.0,21.59,1,0,-1.0,0,0,0,0,0,0
gallery_red_05_SeizeControl,gallery,forced:SeizeControl,passive,0,0,6,ugv,47.87,24.51,47.87,24.51,0.0,0.0,21.15,1,0,-1.0,0,0,0,0,0,0
gallery_red_05_SeizeControl,gallery,forced:SeizeControl,passive,0,0,7,ugv,6.68,25.54,6.68,25.54,0.0,0.0,23.0,1,0,-1.0,0,0,0,0,0,0
gallery_red_05_SeizeControl,gallery,forced:SeizeControl,passive,0,1,0,uav,38.38,21.12,38.38,21.12,0.0,0.0,21.62,1,0,-1.0,0,0,0,0,0,0
gallery_red_05_SeizeControl,gallery,forced:SeizeControl,passive,0,1,1,uav,10.04,10.04,10.04,10.04,0.0,0.0,21.93,1,0,-1.0,0,0,0,0,0,0
gallery_red_05_SeizeControl,gallery,forced:SeizeControl,passive,0,1,2,uav,38.76,43.5,38.76,43.5,0.0,0.0,19.19,1,0,-1.0,0,0,0,0,0,0
gallery_red_05_SeizeControl,gallery,forced:SeizeControl,passive,0,1,3,uav,35.63,40.36,35.63,40.36,0.0,0.0,20.16,1,0,-1.0,0,0,0,0,0,0
gallery_red_05_SeizeControl,gallery,forced:SeizeControl,passive,0,1,4,uav,32.67,46.47,32.67,46.47,0.0,0.0,20.84,1,1,-1.0,0,0,1,0,0,0
gallery_red_05_SeizeControl,gallery,forced:SeizeControl,passive,0,1,5,uav,46.61,13.96,46.61,13.96,0.0,0.0,19.97,1,0,-1.0,0,0,0,0,0,0
gallery_red_05_SeizeControl,gallery,forced:SeizeControl,passive,0,1,6,ugv,48.43,25.58,48.43,25.58,0.0,0.0,20.45,1,0,-1.0,0,0,0,0,0,0
gallery_red_05_SeizeControl,gallery,forced:SeizeControl,passive,0,1,7,ugv,7.13,26.16,7.13,26.16,0.0,0.0,20.64,1,0,-1.0,0,0,0,0,0,0
gallery_red_05_SeizeControl,gallery,forced:SeizeControl,passive,0,2,0,uav,40.68,21.33,40.68,21.33,0.0,0.0,21.27,1,0,-1.0,0,0,0,0,0,0
gallery_red_05_SeizeControl,gallery,forced:SeizeControl,passive,0,2,1,uav,8.34,9.75,8.34,9.75,0.0,0.0,19.85,1,0,-1.0,0,0,0,0,0,0
gallery_red_05_SeizeControl,gallery,forced:SeizeControl,passive,0,2,2,uav,35.11,40.71,35.11,40.71,0.0,0.0,19.48,1,0,-1.0,0,0,0,0,0,0
gallery_red_05_SeizeControl,gallery,forced:SeizeControl,passive,0,2,3,uav,36.6,41.46,36.6,41.46,0.0,0.0,18.76,1,1,-1.0,0,0,1,0,0,0
gallery_red_05_SeizeControl,gallery,forced:SeizeControl,passive,0,2,4,uav,34.06,46.44,34.06,46.44,0.0,0.0,18.66,1,1,-1.0,0,0,1,0,0,0
gallery_red_05_SeizeControl,gallery,forced:SeizeControl,passive,0,2,5,uav,49.83,18.71,49.83,18.71,0.0,0.0,21.76,1,0,-1.0,0,0,0,0,0,0
gallery_red_05_SeizeControl,gallery,forced:SeizeControl,passive,0,2,6,ugv,48.98,24.85,48.98,24.85,0.0,0.0,19.87,1,0,-1.0,0,0,0,0,0,0
gallery_red_05_SeizeControl,gallery,forced:SeizeControl,passive,0,2,7,ugv,7.58,26.09,7.58,26.09,0.0,0.0,21.18,1,0,-1.0,0,0,0,0,0,0
gallery_red_05_SeizeControl,gallery,forced:SeizeControl,passive,0,3,0,uav,43.14,21.35,43.14,21.35,0.0,0.0,18.05,1,0,-3.0,0,0,0,0,0,0
gallery_red_05_SeizeControl,gallery,forced:SeizeControl,passive,0,3,1,uav,7.52,10.63,7.52,10.63,0.0,0.0,17.09,1,0,-3.0,0,0,0,0,0,0
gallery_red_05_SeizeControl,gallery,forced:SeizeControl,passive,0,3,2,uav,32.55,38.71,32.55,38.71,0.0,0.0,18.43,1,0,-3.0,0,0,0,0,0,0
gallery_red_05_SeizeControl,gallery,forced:SeizeControl,passive,0,3,3,uav,37.79,41.83,37.79,41.83,0.0,0.0,21.72,1,1,-3.0,0,0,1,0,0,0
gallery_red_05_SeizeControl,gallery,forced:SeizeControl,passive,0,3,4,uav,35.45,46.8,35.45,46.8,0.0,0.0,21.6,1,1,-3.0,0,0,1,0,0,0
gallery_red_05_SeizeControl,gallery,forced:SeizeControl,passive,0,3,5,uav,52.28,23.7,52.28,23.7,0.0,0.0,20.5,1,0,-3.0,0,0,0,0,0,0
gallery_red_05_SeizeControl,gallery,forced:SeizeControl,passive,0,3,6,ugv,49.54,24.55,49.54,24.55,0.0,0.0,18.8,1,0,-3.0,0,0,0,0,0,0
gallery_red_05_SeizeControl,gallery,forced:SeizeControl,passive,0,3,7,ugv,8.03,26.08,8.03,26.08,0.0,0.0,19.8,1,0,-3.0,0,0,0,0,0,0
gallery_red_05_SeizeControl,gallery,forced:SeizeControl,passive,0,4,0,uav,44.89,20.97,44.89,20.97,0.0,0.0,19.55,1,0,-3.0,0,0,0,0,0,0
gallery_red_05_SeizeControl,gallery,forced:SeizeControl,passive,0,4,1,uav,6.43,10.81,6.43,10.81,0.0,0.0,19.48,1,0,-3.0,0,0,0,0,0,0
gallery_red_05_SeizeControl,gallery,forced:SeizeControl,passive,0,4,2,uav,31.03,36.41,31.03,36.41,0.0,0.0,16.24,1,0,-3.0,0,0,0,0,0,0
gallery_red_05_SeizeControl,gallery,forced:SeizeControl,passive,0,4,3,uav,39.17,42.05,39.17,42.05,0.0,0.0,18.71,1,1,-3.0,0,0,1,0,0,0
gallery_red_05_SeizeControl,gallery,forced:SeizeControl,passive,0,4,4,uav,37.79,47.95,37.79,47.95,0.0,0.0,19.71,1,1,-3.0,0,0,1,0,0,0
gallery_red_05_SeizeControl,gallery,forced:SeizeControl,passive,0,4,5,uav,55.11,27.37,55.11,27.37,0.0,0.0,22.27,1,0,-3.0,0,0,0,0,0,0
gallery_red_05_SeizeControl,gallery,forced:SeizeControl,passive,0,4,6,ugv,50.1,23.49,50.1,23.49,0.0,0.0,20.24,1,0,-3.0,0,0,0,0,0,0
gallery_red_05_SeizeControl,gallery,forced:SeizeControl,passive,0,4,7,ugv,8.48,26.04,8.48,26.04,0.0,0.0,22.1,1,0,-3.0,0,0,0,0,0,0
gallery_red_05_SeizeControl,gallery,forced:SeizeControl,passive,0,5,0,uav,47.24,20.22,47.24,20.22,0.0,0.0,19.41,1,0,-4.0,0,0,0,0,0,0
gallery_red_05_SeizeControl,gallery,forced:SeizeControl,passive,0,5,1,uav,6.44,10.2,6.44,10.2,0.0,0.0,19.62,1,0,-4.0,0,0,0,0,0,0
gallery_red_05_SeizeControl,gallery,forced:SeizeControl,passive,0,5,2,uav,29.11,34.67,29.11,34.67,0.0,0.0,14.15,1,0,-4.0,0,0,0,0,0,0
gallery_red_05_SeizeControl,gallery,forced:SeizeControl,passive,0,5,3,uav,40.59,43.47,40.59,43.47,0.0,0.0,20.69,1,1,-4.0,0,0,1,0,0,0
gallery_red_05_SeizeControl,gallery,forced:SeizeControl,passive,0,5,4,uav,40.25,48.72,40.25,48.72,0.0,0.0,20.82,1,1,-4.0,0,0,1,0,0,0
gallery_red_05_SeizeControl,gallery,forced:SeizeControl,passive,0,5,5,uav,57.72,30.39,57.72,30.39,0.0,0.0,22.65,1,0,-4.0,0,0,0,0,0,0
gallery_red_05_SeizeControl,gallery,forced:SeizeControl,passive,0,5,6,ugv,50.65,23.44,50.65,23.44,0.0,0.0,19.27,1,0,-4.0,0,0,0,0,0,0
gallery_red_05_SeizeControl,gallery,forced:SeizeControl,passive,0,5,7,ugv,8.94,24.41,8.94,24.41,0.0,0.0,20.14,1,0,-4.0,0,0,0,0,0,0
gallery_red_05_SeizeControl,gallery,forced:SeizeControl,passive,0,6,0,uav,49.94,20.24,49.94,20.24,0.0,0.0,18.94,1,0,-3.0,0,0,0,0,0,0
gallery_red_05_SeizeControl,gallery,forced:SeizeControl,passive,0,6,1,uav,5.99,10.6,5.99,10.6,0.0,0.0,18.24,1,0,-3.0,0,0,0,0,0,0
gallery_red_05_SeizeControl,gallery,forced:SeizeControl,passive,0,6,2,uav,27.02,33.87,27.02,33.87,0.0,0.0,18.93,1,0,-3.0,0,0,0,0,0,0
gallery_red_05_SeizeControl,gallery,forced:SeizeControl,passive,0,6,3,uav,41.74,44.45,41.74,44.45,0.0,0.0,19.48,1,1,-3.0,0,0,1,0,0,0
gallery_red_05_SeizeControl,gallery,forced:SeizeControl,passive,0,6,4,uav,42.85,50.11,42.85,50.11,0.0,0.0,22.03,1,1,-3.0,0,0,1,0,0,0
gallery_red_05_SeizeControl,gallery,forced:SeizeControl,passive,0,6,5,uav,55.02,33.05,55.02,33.05,0.0,0.0,20.0,1,0,-3.0,0,0,0,0,0,0
gallery_red_05_SeizeControl,gallery,forced:SeizeControl,passive,0,6,6,ugv,51.21,24.45,51.21,24.45,0.0,0.0,18.81,1,0,-3.0,0,0,0,0,0,0
gallery_red_05_SeizeControl,gallery,forced:SeizeControl,passive,0,6,7,ugv,9.39,25.7,9.39,25.7,0.0,0.0,20.21,1,0,-3.0,0,0,0,0,0,0
gallery_red_05_SeizeControl,gallery,forced:SeizeControl,passive,0,7,0,uav,52.94,20.87,52.94,20.87,0.0,0.0,20.33,1,0,-3.0,0,0,0,0,0,0
gallery_red_05_SeizeControl,gallery,forced:SeizeControl,passive,0,7,1,uav,5.45,10.36,5.45,10.36,0.0,0.0,18.99,1,0,-3.0,0,0,0,0,0,0
gallery_red_05_SeizeControl,gallery,forced:SeizeControl,passive,0,7,2,uav,25.46,32.31,25.46,32.31,0.0,0.0,21.71,1,0,-3.0,0,0,0,0,0,0
gallery_red_05_SeizeControl,gallery,forced:SeizeControl,passive,0,7,3,uav,42.47,45.8,42.47,45.8,0.0,0.0,17.17,1,1,-3.0,0,0,1,0,0,0
gallery_red_05_SeizeControl,gallery,forced:SeizeControl,passive,0,7,4,uav,44.1,51.73,44.1,51.73,0.0,0.0,19.68,1,1,-3.0,0,0,1,0,0,0
gallery_red_05_SeizeControl,gallery,forced:SeizeControl,passive,0,7,5,uav,51.97,35.78,51.97,35.78,0.0,0.0,21.0,1,0,-3.0,0,0,0,0,0,0
gallery_red_05_SeizeControl,gallery,forced:SeizeControl,passive,0,7,6,ugv,51.77,23.37,51.77,23.37,0.0,0.0,17.99,1,0,-3.0,0,0,0,0,0,0
gallery_red_05_SeizeControl,gallery,forced:SeizeControl,passive,0,7,7,ugv,9.84,25.74,9.84,25.74,0.0,0.0,20.54,1,0,-3.0,0,0,0,0,0,0
gallery_red_05_SeizeControl,gallery,forced:SeizeControl,passive,0,8,0,uav,56.36,21.03,56.36,21.03,0.0,0.0,21.94,1,0,-3.0,0,0,0,0,0,0
gallery_red_05_SeizeControl,gallery,forced:SeizeControl,passive,0,8,1,uav,5.76,10.55,5.76,10.55,0.0,0.0,20.68,1,0,-3.0,0,0,0,0,0,0
gallery_red_05_SeizeControl,gallery,forced:SeizeControl,passive,0,8,2,uav,24.4,31.44,24.4,31.44,0.0,0.0,17.46,1,0,-3.0,0,0,0,0,0,0
gallery_red_05_SeizeControl,gallery,forced:SeizeControl,passive,0,8,3,uav,43.67,47.66,43.67,47.66,0.0,0.0,18.91,1,1,-3.0,0,0,1,0,0,0
gallery_red_05_SeizeControl,gallery,forced:SeizeControl,passive,0,8,4,uav,45.4,52.5,45.4,52.5,0.0,0.0,21.85,1,1,-3.0,0,0,1,0,0,0
gallery_red_05_SeizeControl,gallery,forced:SeizeControl,passive,0,8,5,uav,48.84,38.05,48.84,38.05,0.0,0.0,20.45,1,0,-3.0,0,0,0,0,0,0
gallery_red_05_SeizeControl,gallery,forced:SeizeControl,passive,0,8,6,ugv,52.32,24.78,52.32,24.78,0.0,0.0,19.99,1,0,-3.0,0,0,0,0,0,0
gallery_red_05_SeizeControl,gallery,forced:SeizeControl,passive,0,8,7,ugv,10.29,25.87,10.29,25.87,0.0,0.0,20.66,1,0,-3.0,0,0,0,0,0,0
gallery_red_05_SeizeControl,gallery,forced:SeizeControl,passive,0,9,0,uav,59.43,20.58,59.43,20.58,0.0,0.0,21.08,1,0,-5.0,0,0,0,0,0,0
gallery_red_05_SeizeControl,gallery,forced:SeizeControl,passive,0,9,1,uav,5.45,10.9,5.45,10.9,0.0,0.0,18.94,1,0,-5.0,0,0,0,0,0,0
gallery_red_05_SeizeControl,gallery,forced:SeizeControl,passive,0,9,2,uav,23.55,31.37,23.55,31.37,0.0,0.0,19.56,1,0,-5.0,0,0,0,0,0,0
gallery_red_05_SeizeControl,gallery,forced:SeizeControl,passive,0,9,3,uav,44.86,50.15,44.86,50.15,0.0,0.0,20.21,1,1,-5.0,0,0,1,0,0,0
gallery_red_05_SeizeControl,gallery,forced:SeizeControl,passive,0,9,4,uav,47.54,53.96,47.54,53.96,0.0,0.0,19.18,1,1,-5.0,0,0,1,0,0,0
gallery_red_05_SeizeControl,gallery,forced:SeizeControl,passive,0,9,5,uav,44.29,41.06,44.29,41.06,0.0,0.0,19.8,1,0,-5.0,0,0,0,0,0,0
gallery_red_05_SeizeControl,gallery,forced:SeizeControl,passive,0,9,6,ugv,52.88,24.5,52.88,24.5,0.0,0.0,21.95,1,0,-5.0,0,0,0,0,0,0
gallery_red_05_SeizeControl,gallery,forced:SeizeControl,passive,0,9,7,ugv,10.74,24.35,10.74,24.35,0.0,0.0,18.55,1,0,-5.0,0,0,0,0,0,0
gallery_red_05_SeizeControl,gallery,forced:SeizeControl,passive,0,10,0,uav,56.13,20.36,56.13,20.36,0.0,0.0,22.89,1,0,-4.0,0,0,0,0,0,0
gallery_red_05_SeizeControl,gallery,forced:SeizeControl,passive,0,10,1,uav,5.32,11.04,5.32,11.04,0.0,0.0,22.82,1,0,-4.0,0,0,0,0,0,0
gallery_red_05_SeizeControl,gallery,forced:SeizeControl,passive,0,10,2,uav,21.57,31.24,21.57,31.24,0.0,0.0,17.43,1,0,-4.0,0,0,0,0,0,0
gallery_red_05_SeizeControl,gallery,forced:SeizeControl,passive,0,10,3,uav,45.57,53.28,45.57,53.28,0.0,0.0,19.79,1,1,-4.0,0,0,1,0,0,0
gallery_red_05_SeizeControl,gallery,forced:SeizeControl,passive,0,10,4,uav,49.51,55.46,49.51,55.46,0.0,0.0,20.51,1,1,-4.0,0,0,1,0,0,0
gallery_red_05_SeizeControl,gallery,forced:SeizeControl,passive,0,10,5,uav,39.29,43.75,39.29,43.75,0.0,0.0,18.86,1,0,-4.0,0,0,0,0,0,0
gallery_red_05_SeizeControl,gallery,forced:SeizeControl,passive,0,10,6,ugv,53.44,25.83,53.44,25.83,0.0,0.0,18.89,1,0,-4.0,0,0,0,0,0,0
gallery_red_05_SeizeControl,gallery,forced:SeizeControl,passive,0,10,7,ugv,11.19,26.27,11.19,26.27,0.0,0.0,19.64,1,0,-4.0,0,0,0,0,0,0
gallery_red_05_SeizeControl,gallery,forced:SeizeControl,passive,0,11,0,uav,53.02,20.07,53.02,20.07,0.0,0.0,21.11,1,0,-4.0,0,0,0,0,0,0
gallery_red_05_SeizeControl,gallery,forced:SeizeControl,passive,0,11,1,uav,4.48,9.74,4.48,9.74,0.0,0.0,19.23,1,1,-4.0,0,0,1,0,0,0
gallery_red_05_SeizeControl,gallery,forced:SeizeControl,passive,0,11,2,uav,19.89,30.92,19.89,30.92,0.0,0.0,22.74,1,0,-4.0,0,0,0,0,0,0
gallery_red_05_SeizeControl,gallery,forced:SeizeControl,passive,0,11,3,uav,45.96,56.27,45.96,56.27,0.0,0.0,20.43,1,1,-4.0,0,0,1,0,0,0
gallery_red_05_SeizeControl,gallery,forced:SeizeControl,passive,0,11,4,uav,52.57,56.94,52.57,56.94,0.0,0.0,19.85,1,1,-4.0,0,0,1,0,0,0
gallery_red_05_SeizeControl,gallery,forced:SeizeControl,passive,0,11,5,uav,34.34,45.56,34.34,45.56,0.0,0.0,22.17,1,0,-4.0,0,0,0,0,0,0
gallery_red_05_SeizeControl,gallery,forced:SeizeControl,passive,0,11,6,ugv,53.99,25.0,53.99,25.0,0.0,0.0,20.94,1,0,-4.0,0,0,0,0,0,0
gallery_red_05_SeizeControl,gallery,forced:SeizeControl,passive,0,11,7,ugv,11.64,25.38,11.64,25.38,0.0,0.0,20.55,1,0,-4.0,0,0,0,0,0,0
gallery_red_05_SeizeControl,gallery,forced:SeizeControl,passive,0,12,0,uav,50.54,19.81,50.54,19.81,0.0,0.0,19.5,1,0,-7.0,0,0,0,0,0,0
gallery_red_05_SeizeControl,gallery,forced:SeizeControl,passive,0,12,1,uav,4.2,8.66,4.2,8.66,0.0,0.0,22.72,1,1,-7.0,0,0,1,0,0,0
gallery_red_05_SeizeControl,gallery,forced:SeizeControl,passive,0,12,2,uav,18.58,30.51,18.58,30.51,0.0,0.0,21.22,1,0,-7.0,0,0,0,0,0,0
gallery_red_05_SeizeControl,gallery,forced:SeizeControl,passive,0,12,3,uav,45.46,59.88,45.46,59.88,0.0,0.0,19.69,1,1,-7.0,0,0,1,0,0,0
gallery_red_05_SeizeControl,gallery,forced:SeizeControl,passive,0,12,4,uav,54.46,58.27,54.46,58.27,0.0,0.0,17.63,1,1,-7.0,0,0,1,0,0,0
gallery_red_05_SeizeControl,gallery,forced:SeizeControl,passive,0,12,5,uav,29.34,46.74,29.34,46.74,0.0,0.0,20.56,1,0,-7.0,0,0,0,0,0,0
gallery_red_05_SeizeControl,gallery,forced:SeizeControl,passive,0,12,6,ugv,54.55,23.48,54.55,23.48,0.0,0.0,18.28,1,0,-7.0,0,0,0,0,0,0
gallery_red_05_SeizeControl,gallery,forced:SeizeControl,passive,0,12,7,ugv,12.1,25.07,12.1,25.07,0.0,0.0,17.43,1,1,-7.0,0,0,1,0,0,0
gallery_red_05_SeizeControl,gallery,forced:SeizeControl,passive,0,13,0,uav,47.8,19.87,47.8,19.87,0.0,0.0,19.58,1,0,-6.0,0,0,0,0,0,0
gallery_red_05_SeizeControl,gallery,forced:SeizeControl,passive,0,13,1,uav,3.63,8.42,3.63,8.42,0.0,0.0,20.42,1,1,-6.0,0,0,1,0,0,0
gallery_red_05_SeizeControl,gallery,forced:SeizeControl,passive,0,13,2,uav,17.48,29.82,17.48,29.82,0.0,0.0,21.92,1,0,-6.0,0,0,0,0,0,0
gallery_red_05_SeizeControl,gallery,forced:SeizeControl,passive,0,13,3,uav,43.8,57.05,43.8,57.05,0.0,0.0,20.42,1,1,-6.0,0,0,1,0,0,0
gallery_red_05_SeizeControl,gallery,forced:SeizeControl,passive,0,13,4,uav,57.01,59.57,57.01,59.57,0.0,0.0,21.21,1,1,-6.0,0,0,1,0,0,0
gallery_red_05_SeizeControl,gallery,forced:SeizeControl,passive,0,13,5,uav,24.34,48.91,24.34,48.91,0.0,0.0,18.16,1,0,-6.0,0,0,0,0,0,0
gallery_red_05_SeizeControl,gallery,forced:SeizeControl,passive,0,13,6,ugv,55.11,24.62,55.11,24.62,0.0,0.0,19.97,1,0,-6.0,0,0,0,0,0,0
gallery_red_05_SeizeControl,gallery,forced:SeizeControl,passive,0,13,7,ugv,12.55,27.38,12.55,27.38,0.0,0.0,20.19,1,1,-6.0,0,0,1,0,0,0
gallery_red_05_SeizeControl,gallery,forced:SeizeControl,passive,0,14,0,uav,44.77,20.27,44.77,20.27,0.0,0.0,21.29,1,0,-7.0,0,0,0,0,0,0
gallery_red_05_SeizeControl,gallery,forced:SeizeControl,passive,0,14,1,uav,2.66,7.81,2.66,7.81,0.0,0.0,20.17,1,1,-7.0,0,0,1,0,0,0
gallery_red_05_SeizeControl,gallery,forced:SeizeControl,passive,0,14,2,uav,15.42,29.57,15.42,29.57,0.0,0.0,21.21,1,0,-7.0,0,0,0,0,0,0
gallery_red_05_SeizeControl,gallery,forced:SeizeControl,passive,0,14,3,uav,42.63,53.95,42.63,53.95,0.0,0.0,19.24,1,1,-7.0,0,0,1,0,0,0
gallery_red_05_SeizeControl,gallery,forced:SeizeControl,passive,0,14,4,uav,59.66,59.05,59.66,59.05,0.0,0.0,20.54,1,1,-7.0,0,0,1,0,0,0
gallery_red_05_SeizeControl,gallery,forced:SeizeControl,passive,0,14,5,uav,19.34,51.9,19.34,51.9,0.0,0.0,20.62,1,0,-7.0,0,0,0,0,0,0
gallery_red_05_SeizeControl,gallery,forced:SeizeControl,passive,0,14,6,ugv,55.66,24.11,55.66,24.11,0.0,0.0,18.13,1,0,-7.0,0,0,0,0,0,0
gallery_red_05_SeizeControl,gallery,forced:SeizeControl,passive,0,14,7,ugv,13.0,26.62,13.0,26.62,0.0,0.0,20.26,1,1,-7.0,0,0,1,0,0,0
gallery_red_05_SeizeControl,gallery,forced:SeizeControl,passive,0,15,0,uav,41.28,21.03,41.28,21.03,0.0,0.0,19.52,1,0,-5.0,0,0,0,0,0,0
gallery_red_05_SeizeControl,gallery,forced:SeizeControl,passive,0,15,1,uav,1.57,7.53,1.57,7.53,0.0,0.0,17.14,1,1,-5.0,0,0,1,0,0,0
gallery_red_05_SeizeControl,gallery,forced:SeizeControl,passive,0,15,2,uav,13.36,28.98,13.36,28.98,0.0,0.0,21.44,1,0,-5.0,0,0,0,0,0,0
gallery_red_05_SeizeControl,gallery,forced:SeizeControl,passive,0,15,3,uav,40.93,52.68,40.93,52.68,0.0,0.0,19.46,1,1,-5.0,0,0,1,0,0,0
gallery_red_05_SeizeControl,gallery,forced:SeizeControl,passive,0,15,4,uav,57.06,57.31,57.06,57.31,0.0,0.0,18.72,1,1,-5.0,0,0,1,0,0,0
gallery_red_05_SeizeControl,gallery,forced:SeizeControl,passive,0,15,5,uav,14.34,55.3,14.34,55.3,0.0,0.0,19.43,1,0,-5.0,0,0,0,0,0,0
gallery_red_05_SeizeControl,gallery,forced:SeizeControl,passive,0,15,6,ugv,56.22,22.02,56.22,22.02,0.0,0.0,20.21,1,0,-5.0,0,0,0,0,0,0
gallery_red_05_SeizeControl,gallery,forced:SeizeControl,passive,0,15,7,ugv,13.45,24.62,13.45,24.62,0.0,0.0,22.26,1,1,-5.0,0,0,1,0,0,0
gallery_red_05_SeizeControl,gallery,forced:SeizeControl,passive,0,16,0,uav,38.38,21.69,38.38,21.69,0.0,0.0,19.75,1,0,-6.0,0,0,0,0,0,0
gallery_red_05_SeizeControl,gallery,forced:SeizeControl,passive,0,16,1,uav,0.2,6.66,0.2,6.66,0.0,0.0,20.71,1,1,-6.0,0,0,1,0,0,0
gallery_red_05_SeizeControl,gallery,forced:SeizeControl,passive,0,16,2,uav,10.87,27.51,10.87,27.51,0.0,0.0,22.06,1,0,-6.0,0,0,0,0,0,0
gallery_red_05_SeizeControl,gallery,forced:SeizeControl,passive,0,16,3,uav,39.95,52.36,39.95,52.36,0.0,0.0,20.8,1,1,-6.0,0,0,1,0,0,0
gallery_red_05_SeizeControl,gallery,forced:SeizeControl,passive,0,16,4,uav,53.71,54.86,53.71,54.86,0.0,0.0,21.6,1,1,-6.0,0,0,1,0,0,0
gallery_red_05_SeizeControl,gallery,forced:SeizeControl,passive,0,16,5,uav,9.34,58.12,9.34,58.12,0.0,0.0,19.29,1,0,-6.0,0,0,0,0,0,0
gallery_red_05_SeizeControl,gallery,forced:SeizeControl,passive,0,16,6,ugv,56.78,25.36,56.78,25.36,0.0,0.0,21.16,1,0,-6.0,0,0,0,0,0,0
gallery_red_05_SeizeControl,gallery,forced:SeizeControl,passive,0,16,7,ugv,13.9,24.8,13.9,24.8,0.0,0.0,19.91,1,1,-6.0,0,0,1,0,0,0
gallery_red_05_SeizeControl,gallery,forced:SeizeControl,passive,0,17,0,uav,36.27,22.14,36.27,22.14,0.0,0.0,21.61,1,0,-5.0,0,0,0,0,0,0
gallery_red_05_SeizeControl,gallery,forced:SeizeControl,passive,0,17,1,uav,1.06,5.49,1.06,5.49,0.0,0.0,18.49,1,1,-5.0,0,0,1,0,0,0
gallery_red_05_SeizeControl,gallery,forced:SeizeControl,passive,0,17,2,uav,9.44,26.15,9.44,26.15,0.0,0.0,18.83,1,0,-5.0,0,0,0,0,0,0
gallery_red_05_SeizeControl,gallery,forced:SeizeControl,passive,0,17,3,uav,38.75,53.58,38.75,53.58,0.0,0.0,21.9,1,1,-5.0,0,0,1,0,0,0
gallery_red_05_SeizeControl,gallery,forced:SeizeControl,passive,0,17,4,uav,50.16,51.69,50.16,51.69,0.0,0.0,19.71,1,1,-5.0,0,0,1,0,0,0
gallery_red_05_SeizeControl,gallery,forced:SeizeControl,passive,0,17,5,uav,4.46,55.32,4.46,55.32,0.0,0.0,19.46,1,0,-5.0,0,0,0,0,0,0
gallery_red_05_SeizeControl,gallery,forced:SeizeControl,passive,0,17,6,ugv,57.33,24.02,57.33,24.02,0.0,0.0,20.12,1,0,-5.0,0,0,0,0,0,0
gallery_red_05_SeizeControl,gallery,forced:SeizeControl,passive,0,17,7,ugv,14.35,25.39,14.35,25.39,0.0,0.0,18.97,1,1,-5.0,0,0,1,0,0,0
gallery_red_05_SeizeControl,gallery,forced:SeizeControl,passive,0,18,0,uav,34.63,23.11,34.63,23.11,0.0,0.0,22.0,1,0,-6.0,0,0,0,0,0,0
gallery_red_05_SeizeControl,gallery,forced:SeizeControl,passive,0,18,1,uav,1.51,4.41,1.51,4.41,0.0,0.0,18.13,1,1,-6.0,0,0,1,0,0,0
gallery_red_05_SeizeControl,gallery,forced:SeizeControl,passive,0,18,2,uav,7.51,26.21,7.51,26.21,0.0,0.0,19.77,1,0,-6.0,0,0,0,0,0,0
gallery_red_05_SeizeControl,gallery,forced:SeizeControl,passive,0,18,3,uav,37.12,54.52,37.12,54.52,0.0,0.0,20.52,1,1,-6.0,0,0,1,0,0,0
gallery_red_05_SeizeControl,gallery,forced:SeizeControl,passive,0,18,4,uav,45.97,48.3,45.97,48.3,0.0,0.0,19.84,1,1,-6.0,0,0,1,0,0,0
gallery_red_05_SeizeControl,gallery,forced:SeizeControl,passive,0,18,5,uav,9.35,52.99,9.35,52.99,0.0,0.0,18.8,1,0,-6.0,0,0,0,0,0,0
gallery_red_05_SeizeControl,gallery,forced:SeizeControl,passive,0,18,6,ugv,57.89,24.87,57.89,24.87,0.0,0.0,18.7,1,0,-6.0,0,0,0,0,0,0
gallery_red_05_SeizeControl,gallery,forced:SeizeControl,passive,0,18,7,ugv,14.8,25.24,14.8,25.24,0.0,0.0,20.64,1,1,-6.0,0,0,1,0,0,0
gallery_red_05_SeizeControl,gallery,forced:SeizeControl,passive,0,19,0,uav,32.15,23.58,32.15,23.58,0.0,0.0,18.45,1,0,-6.0,0,0,0,0,0,0
gallery_red_05_SeizeControl,gallery,forced:SeizeControl,passive,0,19,1,uav,3.62,3.97,3.62,3.97,0.0,0.0,20.97,1,1,-6.0,0,0,1,0,0,0
gallery_red_05_SeizeControl,gallery,forced:SeizeControl,passive,0,19,2,uav,5.12,25.46,5.12,25.46,0.0,0.0,17.71,1,0,-6.0,0,0,0,0,0,0
gallery_red_05_SeizeControl,gallery,forced:SeizeControl,passive,0,19,3,uav,34.91,55.45,34.91,55.45,0.0,0.0,19.17,1,1,-6.0,0,0,1,0,0,0
gallery_red_05_SeizeControl,gallery,forced:SeizeControl,passive,0,19,4,uav,41.8,44.47,41.8,44.47,0.0,0.0,20.05,1,1,-6.0,0,0,1,0,0,0
gallery_red_05_SeizeControl,gallery,forced:SeizeControl,passive,0,19,5,uav,13.46,51.5,13.46,51.5,0.0,0.0,18.12,1,0,-6.0,0,0,0,0,0,0
gallery_red_05_SeizeControl,gallery,forced:SeizeControl,passive,0,19,6,ugv,58.45,23.74,58.45,23.74,0.0,0.0,20.98,1,0,-6.0,0,0,0,0,0,0
gallery_red_05_SeizeControl,gallery,forced:SeizeControl,passive,0,19,7,ugv,15.26,25.99,15.26,25.99,0.0,0.0,19.97,1,1,-6.0,0,0,1,0,0,0
gallery_red_05_SeizeControl,gallery,forced:SeizeControl,passive,0,20,0,uav,29.53,23.74,29.53,23.74,0.0,0.0,18.45,1,1,-7.0,0,0,1,0,0,0
gallery_red_05_SeizeControl,gallery,forced:SeizeControl,passive,0,20,1,uav,3.97,3.59,3.97,3.59,0.0,0.0,17.72,1,1,-7.0,0,0,1,0,0,0
gallery_red_05_SeizeControl,gallery,forced:SeizeControl,passive,0,20,2,uav,2.08,24.1,2.08,24.1,0.0,0.0,17.65,1,0,-7.0,0,0,0,0,0,0
gallery_red_05_SeizeControl,gallery,forced:SeizeControl,passive,0,20,3,uav,32.32,56.83,32.32,56.83,0.0,0.0,20.08,1,1,-7.0,0,0,1,0,0,0
gallery_red_05_SeizeControl,gallery,forced:SeizeControl,passive,0,20,4,uav,36.93,39.77,36.93,39.77,0.0,0.0,18.26,1,1,-7.0,0,0,1,0,0,0
gallery_red_05_SeizeControl,gallery,forced:SeizeControl,passive,0,20,5,uav,17.95,50.47,17.95,50.47,0.0,0.0,17.95,1,0,-7.0,0,0,0,0,0,0
gallery_red_05_SeizeControl,gallery,forced:SeizeControl,passive,0,20,6,ugv,59.0,24.55,59.0,24.55,0.0,0.0,19.65,1,0,-7.0,0,0,0,0,0,0
gallery_red_05_SeizeControl,gallery,forced:SeizeControl,passive,0,20,7,ugv,15.71,25.87,15.71,25.87,0.0,0.0,23.42,1,1,-7.0,0,0,1,0,0,0
gallery_red_05_SeizeControl,gallery,forced:SeizeControl,passive,0,21,0,uav,26.74,24.07,26.74,24.07,0.0,0.0,20.42,1,1,-6.0,0,0,1,0,0,0
gallery_red_05_SeizeControl,gallery,forced:SeizeControl,passive,0,21,1,uav,3.57,3.71,3.57,3.71,0.0,0.0,21.14,1,1,-6.0,0,0,1,0,0,0
gallery_red_05_SeizeControl,gallery,forced:SeizeControl,passive,0,21,2,uav,4.39,23.14,4.39,23.14,0.0,0.0,20.32,1,0,-6.0,0,0,0,0,0,0
gallery_red_05_SeizeControl,gallery,forced:SeizeControl,passive,0,21,3,uav,30.06,55.93,30.06,55.93,0.0,0.0,21.17,1,1,-6.0,0,0,1,0,0,0
gallery_red_05_SeizeControl,gallery,forced:SeizeControl,passive,0,21,4,uav,32.22,35.07,32.22,35.07,0.0,0.0,17.99,1,1,-6.0,0,0,1,0,0,0
gallery_red_05_SeizeControl,gallery,forced:SeizeControl,passive,0,21,5,uav,22.36,49.06,22.36,49.06,0.0,0.0,19.35,1,0,-6.0,0,0,0,0,0,0
gallery_red_05_SeizeControl,gallery,forced:SeizeControl,passive,0,21,6,ugv,59.56,23.63,59.56,23.63,0.0,0.0,20.39,1,0,-6.0,0,0,0,0,0,0
gallery_red_05_SeizeControl,gallery,forced:SeizeControl,passive,0,21,7,ugv,16.16,25.78,16.16,25.78,0.0,0.0,19.97,1,1,-6.0,0,0,1,0,0,0
gallery_red_05_SeizeControl,gallery,forced:SeizeControl,passive,0,22,0,uav,23.79,24.12,23.79,24.12,0.0,0.0,19.71,1,1,-8.0,0,0,1,0,0,0
gallery_red_05_SeizeControl,gallery,forced:SeizeControl,passive,0,22,1,uav,3.9,3.17,3.9,3.17,0.0,0.0,19.0,1,1,-8.0,0,0,1,0,0,0
gallery_red_05_SeizeControl,gallery,forced:SeizeControl,passive,0,22,2,uav,7.33,22.27,7.33,22.27,0.0,0.0,19.61,1,0,-8.0,0,0,0,0,0,0
gallery_red_05_SeizeControl,gallery,forced:SeizeControl,passive,0,22,3,uav,27.31,54.87,27.31,54.87,0.0,0.0,18.84,1,1,-8.0,0,0,1,0,0,0
gallery_red_05_SeizeControl,gallery,forced:SeizeControl,passive,0,22,4,uav,27.22,30.76,27.22,30.76,0.0,0.0,16.37,1,1,-8.0,0,0,1,0,0,0
gallery_red_05_SeizeControl,gallery,forced:SeizeControl,passive,0,22,5,uav,26.97,47.32,26.97,47.32,0.0,0.0,18.21,1,0,-8.0,0,0,0,0,0,0
gallery_red_05_SeizeControl,gallery,forced:SeizeControl,passive,0,22,6,ugv,59.0,24.76,59.0,24.76,0.0,0.0,20.71,1,0,-8.0,0,0,0,0,0,0
gallery_red_05_SeizeControl,gallery,forced:SeizeControl,passive,0,22,7,ugv,16.61,24.68,16.61,24.68,0.0,0.0,22.34,1,1,-8.0,0,0,1,0,0,0
gallery_red_05_SeizeControl,gallery,forced:SeizeControl,passive,0,23,0,uav,21.42,24.11,21.42,24.11,0.0,0.0,22.72,1,1,-7.0,0,0,1,0,0,0
gallery_red_05_SeizeControl,gallery,forced:SeizeControl,passive,0,23,1,uav,4.48,2.4,4.48,2.4,0.0,0.0,20.15,1,1,-7.0,0,0,1,0,0,0
gallery_red_05_SeizeControl,gallery,forced:SeizeControl,passive,0,23,2,uav,10.3,21.24,10.3,21.24,0.0,0.0,21.34,1,0,-7.0,0,0,0,0,0,0
gallery_red_05_SeizeControl,gallery,forced:SeizeControl,passive,0,23,3,uav,24.74,52.9,24.74,52.9,0.0,0.0,21.36,1,1,-7.0,0,0,1,0,0,0
gallery_red_05_SeizeControl,gallery,forced:SeizeControl,passive,0,23,4,uav,22.61,26.32,22.61,26.32,0.0,0.0,18.96,1,1,-7.0,0,0,1,0,0,0
gallery_red_05_SeizeControl,gallery,forced:SeizeControl,passive,0,23,5,uav,31.8,45.37,31.8,45.37,0.0,0.0,17.45,1,0,-7.0,0,0,0,0,0,0
gallery_red_05_SeizeControl,gallery,forced:SeizeControl,passive,0,23,6,ugv,58.45,23.28,58.45,23.28,0.0,0.0,20.05,1,0,-7.0,0,0,0,0,0,0
gallery_red_05_SeizeControl,gallery,forced:SeizeControl,passive,0,23,7,ugv,17.06,27.16,17.06,27.16,0.0,0.0,17.36,1,1,-7.0,0,0,1,0,0,0
gallery_red_05_SeizeControl,gallery,forced:SeizeControl,passive,0,24,0,uav,19.76,23.08,19.76,23.08,0.0,0.0,19.52,1,1,-8.0,0,0,1,0,0,0
gallery_red_05_SeizeControl,gallery,forced:SeizeControl,passive,0,24,1,uav,4.44,1.78,4.44,1.78,0.0,0.0,20.91,1,1,-8.0,0,0,1,0,0,0
gallery_red_05_SeizeControl,gallery,forced:SeizeControl,passive,0,24,2,uav,14.16,20.37,14.16,20.37,0.0,0.0,17.87,1,1,-8.0,0,0,1,0,0,0
gallery_red_05_SeizeControl,gallery,forced:SeizeControl,passive,0,24,3,uav,22.03,50.07,22.03,50.07,0.0,0.0,20.05,1,1,-8.0,0,0,1,0,0,0
gallery_red_05_SeizeControl,gallery,forced:SeizeControl,passive,0,24,4,uav,17.88,21.87,17.88,21.87,0.0,0.0,21.86,1,1,-8.0,0,0,1,0,0,0
gallery_red_05_SeizeControl,gallery,forced:SeizeControl,passive,0,24,5,uav,36.8,43.79,36.8,43.79,0.0,0.0,20.54,1,0,-8.0,0,0,0,0,0,0
gallery_red_05_SeizeControl,gallery,forced:SeizeControl,passive,0,24,6,ugv,57.89,23.85,57.89,23.85,0.0,0.0,20.78,1,1,-8.0,0,0,1,0,0,0
gallery_red_05_SeizeControl,gallery,forced:SeizeControl,passive,0,24,7,ugv,17.51,24.76,17.51,24.76,0.0,0.0,21.36,1,1,-8.0,0,0,1,0,0,0
gallery_red_05_SeizeControl,gallery,forced:SeizeControl,passive,0,25,0,uav,17.86,21.52,17.86,21.52,0.0,0.0,22.6,1,1,-8.0,0,0,1,0,0,0
gallery_red_05_SeizeControl,gallery,forced:SeizeControl,passive,0,25,1,uav,5.28,1.12,5.28,1.12,0.0,0.0,20.23,1,1,-8.0,0,0,1,0,0,0
gallery_red_05_SeizeControl,gallery,forced:SeizeControl,passive,0,25,2,uav,17.79,19.63,17.79,19.63,0.0,0.0,21.84,1,1,-8.0,0,0,1,0,0,0
gallery_red_05_SeizeControl,gallery,forced:SeizeControl,passive,0,25,3,uav,19.82,47.84,19.82,47.84,0.0,0.0,19.9,1,1,-8.0,0,0,1,0,0,0
gallery_red_05_SeizeControl,gallery,forced:SeizeControl,passive,0,25,4,uav,12.88,18.61,12.88,18.61,0.0,0.0,19.18,1,1,-8.0,0,0,1,0,0,0
gallery_red_05_SeizeControl,gallery,forced:SeizeControl,passive,0,25,5,uav,41.8,41.99,41.8,41.99,0.0,0.0,20.47,1,0,-8.0,0,0,0,0,0,0
gallery_red_05_SeizeControl,gallery,forced:SeizeControl,passive,0,25,6,ugv,57.33,24.69,57.33,24.69,0.0,0.0,19.09,1,1,-8.0,0,0,1,0,0,0
gallery_red_05_SeizeControl,gallery,forced:SeizeControl,passive,0,25,7,ugv,17.96,26.47,17.96,26.47,0.0,0.0,19.14,1,1,-8.0,0,0,1,0,0,0
gallery_red_05_SeizeControl,gallery,forced:SeizeControl,passive,0,26,0,uav,16.03,19.56,16.03,19.56,0.0,0.0,19.09,1,1,-8.0,0,0,1,0,0,0
gallery_red_05_SeizeControl,gallery,forced:SeizeControl,passive,0,26,1,uav,5.66,0.96,5.66,0.96,0.0,0.0,16.56,1,1,-8.0,0,0,1,0,0,0
gallery_red_05_SeizeControl,gallery,forced:SeizeControl,passive,0,26,2,uav,21.64,18.65,21.64,18.65,0.0,0.0,20.16,1,1,-8.0,0,0,1,0,0,0
gallery_red_05_SeizeControl,gallery,forced:SeizeControl,passive,0,26,3,uav,18.05,46.43,18.05,46.43,0.0,0.0,18.1,1,1,-8.0,0,0,1,0,0,0
gallery_red_05_SeizeControl,gallery,forced:SeizeControl,passive,0,26,4,uav,7.88,15.0,7.88,15.0,0.0,0.0,19.84,1,1,-8.0,0,0,1,0,0,0
gallery_red_05_SeizeControl,gallery,forced:SeizeControl,passive,0,26,5,uav,46.8,40.62,46.8,40.62,0.0,0.0,22.17,1,0,-8.0,0,0,0,0,0,0
gallery_red_05_SeizeControl,gallery,forced:SeizeControl,passive,0,26,6,ugv,56.78,24.34,56.78,24.34,0.0,0.0,19.22,1,1,-8.0,0,0,1,0,0,0
gallery_red_05_SeizeControl,gallery,forced:SeizeControl,passive,0,26,7,ugv,18.42,25.07,18.42,25.07,0.0,0.0,19.19,1,1,-8.0,0,0,1,0,0,0
gallery_red_05_SeizeControl,gallery,forced:SeizeControl,passive,0,27,0,uav,13.56,16.73,13.56,16.73,0.0,0.0,22.05,1,1,-8.0,0,0,1,0,0,0
gallery_red_05_SeizeControl,gallery,forced:SeizeControl,passive,0,27,1,uav,5.53,0.86,5.53,0.86,0.0,0.0,20.82,1,1,-8.0,0,0,1,0,0,0
gallery_red_05_SeizeControl,gallery,forced:SeizeControl,passive,0,27,2,uav,25.02,17.38,25.02,17.38,0.0,0.0,21.46,1,1,-8.0,0,0,1,0,0,0
gallery_red_05_SeizeControl,gallery,forced:SeizeControl,passive,0,27,3,uav,15.7,44.64,15.7,44.64,0.0,0.0,19.47,1,1,-8.0,0,0,1,0,0,0
gallery_red_05_SeizeControl,gallery,forced:SeizeControl,passive,0,27,4,uav,2.88,11.6,2.88,11.6,0.0,0.0,21.12,1,1,-8.0,0,0,1,0,0,0
gallery_red_05_SeizeControl,gallery,forced:SeizeControl,passive,0,27,5,uav,51.8,38.96,51.8,38.96,0.0,0.0,18.97,1,0,-8.0,0,0,0,0,0,0
gallery_red_05_SeizeControl,gallery,forced:SeizeControl,passive,0,27,6,ugv,56.22,23.61,56.22,23.61,0.0,0.0,18.99,1,1,-8.0,0,0,1,0,0,0
gallery_red_05_SeizeControl,gallery,forced:SeizeControl,passive,0,27,7,ugv,18.87,26.46,18.87,26.46,0.0,0.0,20.89,1,1,-8.0,0,0,1,0,0,0
gallery_red_05_SeizeControl,gallery,forced:SeizeControl,passive,0,28,0,uav,11.4,13.94,11.4,13.94,0.0,0.0,19.1,1,1,-8.0,0,0,1,0,0,0
gallery_red_05_SeizeControl,gallery,forced:SeizeControl,passive,0,28,1,uav,6.35,0.11,6.35,0.11,0.0,0.0,21.15,1,1,-8.0,0,0,1,0,0,0
gallery_red_05_SeizeControl,gallery,forced:SeizeControl,passive,0,28,2,uav,28.61,16.38,28.61,16.38,0.0,0.0,23.59,1,1,-8.0,0,0,1,0,0,0
gallery_red_05_SeizeControl,gallery,forced:SeizeControl,passive,0,28,3,uav,13.13,43.21,13.13,43.21,0.0,0.0,17.47,1,1,-8.0,0,0,1,0,0,0
gallery_red_05_SeizeControl,gallery,forced:SeizeControl,passive,0,28,4,uav,7.88,9.48,7.88,9.48,0.0,0.0,18.87,1,1,-8.0,0,0,1,0,0,0
gallery_red_05_SeizeControl,gallery,forced:SeizeControl,passive,0,28,5,uav,56.0,37.85,56.0,37.85,0.0,0.0,21.68,1,0,-8.0,0,0,0,0,0,0
gallery_red_05_SeizeControl,gallery,forced:SeizeControl,passive,0,28,6,ugv,55.66,23.32,55.66,23.32,0.0,0.0,19.78,1,1,-8.0,0,0,1,0,0,0
gallery_red_05_SeizeControl,gallery,forced:SeizeControl,passive,0,28,7,ugv,19.32,26.64,19.32,26.64,0.0,0.0,21.74,1,1,-8.0,0,0,1,0,0,0
gallery_red_05_SeizeControl,gallery,forced:SeizeControl,passive,0,29,0,uav,9.01,11.25,9.01,11.25,0.0,0.0,18.48,1,1,-8.0,0,0,1,0,0,0
gallery_red_05_SeizeControl,gallery,forced:SeizeControl,passive,0,29,1,uav,7.2,0.02,7.2,0.02,0.0,0.0,20.5,1,1,-8.0,0,0,1,0,0,0
gallery_red_05_SeizeControl,gallery,forced:SeizeControl,passive,0,29,2,uav,32.01,13.6,32.01,13.6,0.0,0.0,19.77,1,1,-8.0,0,0,1,0,0,0
gallery_red_05_SeizeControl,gallery,forced:SeizeControl,passive,0,29,3,uav,10.1,41.89,10.1,41.89,0.0,0.0,20.21,1,1,-8.0,0,0,1,0,0,0
gallery_red_05_SeizeControl,gallery,forced:SeizeControl,passive,0,29,4,uav,12.62,7.81,12.62,7.81,0.0,0.0,20.5,1,1,-8.0,0,0,1,0,0,0
gallery_red_05_SeizeControl,gallery,forced:SeizeControl,passive,0,29,5,uav,51.19,36.65,51.19,36.65,0.0,0.0,18.17,1,0,-8.0,0,0,0,0,0,0
gallery_red_05_SeizeControl,gallery,forced:SeizeControl,passive,0,29,6,ugv,55.11,24.38,55.11,24.38,0.0,0.0,18.39,1,1,-8.0,0,0,1,0,0,0
gallery_red_05_SeizeControl,gallery,forced:SeizeControl,passive,0,29,7,ugv,19.77,26.4,19.77,26.4,0.0,0.0,22.1,1,1,-8.0,0,0,1,0,0,0
